Load Balancer Name,Load Balancer Status,Load Balancer Type,Creation Time
awseb-AWSEB-50691VEKLCDB,active,network,11-04-2023 11:42
awseb-AWSEB-1D3Z75NOEPTU7,active,network,24-01-2023 11:07
awseb-AWSEB-3XFL9OPP2OCL,active,network,10-11-2022 13:08
awseb-AWSEB-ZU2432WWRBJV,active,network,11-11-2022 11:02
Herovired-ALB,active,application,09-03-2021 13:33
prod-herox-LB,active,application,29-03-2021 15:49
beta-load,active,application,06-01-2022 11:46
awseb-AWSEB-UPLP7BPJWNB7,active,application,09-02-2022 05:03
awseb-AWSEB-HWRRPFU8XGCO,active,application,28-10-2022 10:00
awseb-AWSEB-ZLXA1X7CSXJR,active,application,21-11-2022 05:48
awseb-AWSEB-1SI422MG1RW05,active,application,21-11-2022 08:56
awseb-AWSEB-112YTUAD32OQN,active,application,02-12-2022 10:14
awseb-AWSEB-1K0LFBYHH6NQA,active,application,27-03-2023 12:19
awseb-AWSEB-FGGKGZ43MDM3,active,application,02-05-2023 12:15
awseb-AWSEB-L5LHZ1SRLHNS,active,application,01-06-2023 11:40
awseb-e-c-AWSEBLoa-14G33GZP45FDY,active,application,20-06-2023 12:00
herovired-prod-ALB,active,application,22-06-2023 07:29
awseb-AWSEB-L5828HMXJK96,active,application,23-06-2023 09:15
awseb-AWSEB-1IYQ2X5AFFXD8,active,application,19-07-2023 06:46
awseb-AWSEB-1NATW0OD5J20X,active,application,03-08-2023 09:24
Herovired-react-website-lb,active,application,22-08-2023 12:28
awseb-AWSEB-SCNAQX0BO5ZL,active,application,15-09-2023 10:21
awseb-AWSEB-NT5OYATT1CCW,active,application,15-09-2023 11:36
awseb--AWSEB-scHLkxB1Hyay,active,application,16-02-2024 07:28
awseb--AWSEB-wtfaiYtPDvbL,active,application,29-02-2024 06:03
awseb--AWSEB-hcoRev5pYq42,active,application,27-03-2024 11:12
awseb--AWSEB-OVlihM3nLCZL,active,application,29-03-2024 07:01
awseb--AWSEB-RQcuPUhXRwCU,active,application,29-03-2024 07:27
